n_unique_so_far,gpu_h_at_discovery,iter,child_id,binder_sequence,binder_length,i_pae,i_pae_scaled,plddt,scrmsd_ca,algorithm,sc_scale_noise,beam_width,n_branch,replicas,n_simulations,success_criterion
1,0.2795,0,child_000,STEADAENVKVTNVNSTKVLVKWEPPSSLKDKKLAYFVIYGETGKEPEIESVDSNKREYTIDVKPGVTYTIKVVAKEIVDCKP,83,0.209,6.479,0.921,0.6046435832977295,beam-search,0.25,8,3,,,self_complex_i_pAE * 31 <= 7.0 and self_complex_pLDDT >= 0.90 and self_binder_scRMSD_ca < 1.5
2,0.2795,0,child_000,SSEYNGINVTVTPINSTTALVKWDVPEKLKGKKVSHFVVYGETGKQEEIESVDSNKTEYTIPVKPGVDYTIKVISLEIKDCEP,83,0.21,6.51,0.904,0.8997645378112793,beam-search,0.25,8,3,,,self_complex_i_pAE * 31 <= 7.0 and self_complex_pLDDT >= 0.90 and self_binder_scRMSD_ca < 1.5
3,0.2795,0,child_000,STEADAENVKVTNVNSTKVLVKWEPPSTLKDKKLAYFVIYGETGKEPEIESVDSNKREYTIDVKPGVTYTIKVVATEIVDCKP,83,0.19,5.89,0.928,0.6337562203407288,beam-search,0.25,8,3,,,self_complex_i_pAE * 31 <= 7.0 and self_complex_pLDDT >= 0.90 and self_binder_scRMSD_ca < 1.5
4,0.2795,0,child_000,STEADAENVKVTNVNSTKVLVKWEPPSSLKDKKLAYFVIYGETGKEPEIESVDSNKREYTIDVKPGVTYTIKVVATEIVPCKP,83,0.185,5.735,0.931,0.579824686050415,beam-search,0.25,8,3,,,self_complex_i_pAE * 31 <= 7.0 and self_complex_pLDDT >= 0.90 and self_binder_scRMSD_ca < 1.5
5,0.9906,0,child_003,NDQATKALITALEKSESENVRSNAAYALGLILADNPQLCERPGVIQALIKALKDESEWVRESAAYALGLIAQEAPQKALPAVEALLEVAKNDVSENVREKAVEALYLISKENEALKQTLGKEFPKEVKKLESTCP,135,0.205,6.355,0.95,0.0620153583586216,sequence_hallucination,,4,4,,,self_complex_i_pAE * 31 <= 7.0 and self_complex_pLDDT >= 0.90 and self_binder_scRMSD_ca < 1.5
6,0.9906,0,child_003,TDKAVKALITALEKSESENVRSNAAYALGLILLDNIQLAEDPGVIQALIKALKDESESVRESAAYALGPIAQEAPQKALPAVEALLEVAKNDEKENVREKAVEALYLISKDNEALKQTLLKEFPTERKKLESECP,135,0.187,5.797,0.951,0.0569344907999038,sequence_hallucination,,4,4,,,self_complex_i_pAE * 31 <= 7.0 and self_complex_pLDDT >= 0.90 and self_binder_scRMSD_ca < 1.5
7,5.997,2,child_008,TDKAVKALITALEKSESENVRSNAATALGLILLDNPQLAEDPGVIQALIKALKDESESFRESAAYALALIAQEAPQKALPAVEALLEVAKNDESENVREKAVEALYLISKDNEALKQTLLKEFPKEVKKLESTCP,135,0.195,6.045,0.942,0.0703062564134597,sequence_hallucination,,4,4,,,self_complex_i_pAE * 31 <= 7.0 and self_complex_pLDDT >= 0.90 and self_binder_scRMSD_ca < 1.5
8,5.997,2,child_008,TDKAVKALITKLEGPESENVRTNAAYALGLILSDNPQLAEDPGVIQALIKALKDWSESVRESAAYALGLIAQEAPQKALPAVEALLEVAKNDSSENVREKAVEALYLISKDNEALKQTLLKEFPKEVKKLESTCP,135,0.204,6.324,0.944,0.0549145005643367,sequence_hallucination,,4,4,,,self_complex_i_pAE * 31 <= 7.0 and self_complex_pLDDT >= 0.90 and self_binder_scRMSD_ca < 1.5
9,23.7225,16,child_044,SLEEQLTKAVEDLKSKDQEIRNKAIETIAELSKSLDPQEIAEALLPVLGEKSPQERQEILEEIKKKNEELYNTLVTLISEECS,83,0.221,6.851,0.944,0.4307506680488586,best-of-n,0.1,,,16,,self_complex_i_pAE * 31 <= 7.0 and self_complex_pLDDT >= 0.90 and self_binder_scRMSD_ca < 1.5
10,24.4676,17,child_047,SLDQSIINLYNSFKSLNPNKTVTSFVNLLKHLSNIGDKDAQNILSNSNILNKIKNNIKKLINSVQDLDVENAKNSLSTILNFLDPNSLLYNILNLLGNIALGDKNQAQKALNELEKKLPNSQFVKLIKKELNSCP,135,0.211,6.541,0.947,0.5024094581604004,best-of-n,0.05,,,16,,self_complex_i_pAE * 31 <= 7.0 and self_complex_pLDDT >= 0.90 and self_binder_scRMSD_ca < 1.5
11,29.245,19,child_055,VSSKLLNSVKDLLNTTDGNKAYTSLVNILQILADLGNTSAENILSDKVKMNPIKNNLEKFYNAIQELDVENAKNSLSSILNELKDVPDVKNILEAIGNIMLGPKNKAQSSINKLPQNPNLADVAEYLKKQLDRCP,135,0.209,6.479,0.936,0.0717168152332305,sequence_hallucination,0.08,,,16,,self_complex_i_pAE * 31 <= 7.0 and self_complex_pLDDT >= 0.90 and self_binder_scRMSD_ca < 1.5
12,29.245,19,child_055,QNNNILINLSKSNDMKILKIVIDILKKESNPDVKKAILKNLITKKANILKPFCEELLTILERNTNDEVKALIKEILCQIGVDP,83,0.217,6.727,0.938,0.0413289926946163,sequence_hallucination,0.08,,,16,,self_complex_i_pAE * 31 <= 7.0 and self_complex_pLDDT >= 0.90 and self_binder_scRMSD_ca < 1.5
13,29.245,19,child_055,VTNFEEYIEMLKKENVDIRFEAIKGLSKLFATTPEGKYFLEEADNNDLSKEIINKYYIFALAYSDNEKAKKILEEITKDENEDIRKAAKEALEISEKGPINCP,103,0.221,6.851,0.933,0.0744454488158226,sequence_hallucination,0.08,,,16,,self_complex_i_pAE * 31 <= 7.0 and self_complex_pLDDT >= 0.90 and self_binder_scRMSD_ca < 1.5
14,29.7972,20,child_056,AFIRANAVFALGNIVAETGDEELAKEVVPELIKALKDESEFVRKAAAFALGNIAEHRPYLIEPYLKEVVPELIKALKDESKMERKAAAYALGKIGGSMASEAVEPLIKALKDESEFVEKAAAYALEEIGGESAVEPLKTALKYESMNVSEAAKKALEKIATCP,163,0.176,5.456,0.933,0.1713332086801529,sequence_hallucination,0.03,,,16,,self_complex_i_pAE * 31 <= 7.0 and self_complex_pLDDT >= 0.90 and self_binder_scRMSD_ca < 1.5
15,30.6616,21,child_059,SLDQEVKELIEEIVTSEDAEQRVSLNQKLLKLDTEEATRIKNFMDKYNPSHEKFALLLTALHAGYSLEEIEEITGIFKPEIEVFEKELSDIVEYIKSLPKAMC,103,0.222,6.882,0.942,0.0569194965064525,sequence_hallucination,0.04,,,16,,self_complex_i_pAE * 31 <= 7.0 and self_complex_pLDDT >= 0.90 and self_binder_scRMSD_ca < 1.5
16,35.4323,24,child_068,YNQILSVLKKLLESHQKVVLLYFSATWCGPCKKFNEELKKFLKENPNLHSKLTIIYLSLDKPKFHEKSKQEIINLYNEFPNVKFIIPDESITKKFKKDFNIKGIPTLVFFGDYQSLTEEASEETLNLIKKLTEDC,135,0.222,6.882,0.906,0.4323441088199615,mcts,0.05,,,,8,self_complex_i_pAE * 31 <= 7.0 and self_complex_pLDDT >= 0.90 and self_binder_scRMSD_ca < 1.5
17,35.4323,24,child_068,YNQILSVLKKLLESHQKVVLLYFSATWCGPCKKFNEELKKFLKENPNLHSKLTIIFLSLDKPKFHEKSKQEIINLFNEFPNVKFIIPDESTTKKFKKDFNIKGIPTLVFFGDYQSLTMEASEETLELIKKLTEDC,135,0.225,6.975,0.906,0.4122410118579864,mcts,0.05,,,,8,self_complex_i_pAE * 31 <= 7.0 and self_complex_pLDDT >= 0.90 and self_binder_scRMSD_ca < 1.5
18,35.4323,24,child_068,YNQILSVLKKLLETHQKVVLLYFSATWCGPCKKFNEELKKFLKENPNLHSKLTIIFLSLDKPKDHEKSKQEIINLYNEFPNVKFIIPDESTTKKFKKDFNIKGIPTLVFFGDYQSLTEEASEETLNLIKKLTEDC,135,0.225,6.975,0.907,0.4199323654174804,mcts,0.05,,,,8,self_complex_i_pAE * 31 <= 7.0 and self_complex_pLDDT >= 0.90 and self_binder_scRMSD_ca < 1.5
19,35.4323,24,child_068,YKEVLAYLKKLLKDHQKVVLLYFSATWCGPCKNFNKELKKFLKENPNLHSKLTIIYISLDPEELQSQSKQEIIDLYNEFPEVKFIIPSQEQSKFLKQDFDIKGIPTLIFFGDFKPLTKSASQETINLLKELTKEC,135,0.223,6.913,0.906,0.5112866163253784,mcts,0.05,,,,8,self_complex_i_pAE * 31 <= 7.0 and self_complex_pLDDT >= 0.90 and self_binder_scRMSD_ca < 1.5
20,35.4323,24,child_068,YNQILSVLKKLLESHQKVVLLYFSATWCGPCKKFNEELKKFLKENPNLHSKLTIIYLSLDKPKFHEKSKQEIINLYNEFPNVKFIIPDESTTKKFKKDFNIKGIPTLVFFGDYQSLTEEASEETLNLIKKLTEDC,135,0.225,6.975,0.905,0.4409426748752594,mcts,0.05,,,,8,self_complex_i_pAE * 31 <= 7.0 and self_complex_pLDDT >= 0.90 and self_binder_scRMSD_ca < 1.5
21,35.8638,24,child_070,PTMTKLHIEAPGGQDKEVRILLANGADVNAADNFGRTPLHLAASNGHLEIVEVLLWAGADVNAADNEGLTPLHLAASNGHLEIVEVLLKAGADGNAADNNGLTPLHLAASNGHLEIVEVLLYAGADVNAADKNGFTPLHLAASWGKLEIVEVLLKAGADVNKG,163,0.205,6.355,0.939,0.1145616248250007,sequence_hallucination,0.08,,,8,,self_complex_i_pAE * 31 <= 7.0 and self_complex_pLDDT >= 0.90 and self_binder_scRMSD_ca < 1.5
22,35.8638,24,child_070,YKREKINELKNIANEENISEEVKSAAQGLLAALEGDEESATCIAPNPGDMESNVAKYLGEAVEAFIKDDNEKAIKDLELAKTLSMSEDDKNAITKLIKIIKTG,103,0.212,6.572,0.916,0.0676009804010391,sequence_hallucination,0.08,,,8,,self_complex_i_pAE * 31 <= 7.0 and self_complex_pLDDT >= 0.90 and self_binder_scRMSD_ca < 1.5
23,38.5851,25,child_073,SKKEEILKNLESEVKKILETNLELDEILEKIENSLNEKKDDFSDELYNKLLTLLKQIKTLYNQLKTDIENNEDVEDIQNISDEIINLFKENKENFRYLLGITD,103,0.179,5.549,0.962,0.380609929561615,diverse-beam-search,0.2,4,4,,,self_complex_i_pAE * 31 <= 7.0 and self_complex_pLDDT >= 0.90 and self_binder_scRMSD_ca < 1.5
24,38.5851,25,child_073,SKKEEILKNLESEVKKILETNLELDEILEKIENSLNNKKDDFSDELYNKLLSLLKQIKKLYNQLKTDIENNKDVEDIQNISDQIIELFKENKENFRYLLGITD,103,0.182,5.642,0.959,0.3820701837539673,diverse-beam-search,0.2,4,4,,,self_complex_i_pAE * 31 <= 7.0 and self_complex_pLDDT >= 0.90 and self_binder_scRMSD_ca < 1.5
25,41.5801,27,child_079,NSSKLINLIKDFIKTLNADKAIKNIINLLKLVKENTSVINQLKDENNSNYIKLKNNLEKLFNSFIELDNENQKNSVSNILNVLKSFNLGNDSFNLIKTCLYLKIGEMDKAEKAANKIKNYKKTLINFIKKEKSKC,135,0.199,6.169,0.947,0.0761890485882759,sequence_hallucination,0.12,,,16,,self_complex_i_pAE * 31 <= 7.0 and self_complex_pLDDT >= 0.90 and self_binder_scRMSD_ca < 1.5
26,42.5835,29,child_082,SLDQSIINLYNSVKSLNPSKTVKSFVNLLKTLSNEGDKDAEKILSNKSVLTKIQNNIKKLINSAQDLDVENAKNSLSSILNELDPKSTLYNILETLGNLLIGDKNKLKSSLDKLEQKLPNSKFVKLLKKELDSCP,135,0.176,5.456,0.955,0.3912176191806793,best-of-n,0.05,,,16,,self_complex_i_pAE * 31 <= 7.0 and self_complex_pLDDT >= 0.90 and self_binder_scRMSD_ca < 1.5
